{
  "paperColor": -271696,
  "backgroundColor": -67345,
  "weather": 0,
  "stickers": [
    {
      "imageName": "sticker_20251021_22230.png",
      "size": 100,
      "x": 445,
      "y": 319.66668701171875
    },
    {
      "imageName": "sticker_20251021_13945.png",
      "size": 100,
      "x": 233,
      "y": 298.66668701171875
    }
  ],
  "title": "",
  "content": " "
}