{
  "bgmVolume": 0.39461588859558105,
  "dragSpeed": 1.5,
  "sfxVolume": 0.6100003719329834,
  "Name": ""
}