{
  "bgmVolume": 0.4822485148906708,
  "dragSpeed": 1.5,
  "sfxVolume": 0.6100003719329834,
  "Name": "X"
}